,borough,average_pm2.5
0,Bronx,7.750769230769231
1,Brooklyn,7.678461538461538
2,Manhattan,8.966923076923077
3,Queens,7.421538461538462
4,Staten Island,6.931538461538461
